{"inf_rm_update": [0.15641744375228883, 0.15641744375228883, 0.07174489259719852, 0.04509892702102658], "inf_prior": [0.36, 0.36, 0.66, 0.66], "uninf_am_update": [0.5058372855186463, 0.49884876012802126, 0.4939130485057831, 0.497442239522934], "inf_am_update": [0.07688112497329713, 0.07527656793594362, 0.22116926670074466, 0.21847114324569705], "uninf_rm_update": [0.1935823202133179, 0.18529065847396853, 0.18529065847396853, 0.18529065847396853], "uninf_prior": [0.9, 0.9, 0.9, 0.9]}